64001,buyincoins.com
64002,ruoguinfo.com
64003,zhongdalvye.com
64004,insidernj.com
64005,emagazine.com
64006,autenticacao.gov.pt
64007,investireoggi.it
64008,insureshot.com
64009,xingyecopper.com
64010,nippon-foundation.or.jp
64011,todaytvseries2.com
64012,high5classifieds.com
64013,rxbill7.com
64014,playolg.ca
64015,eccutane.com
64016,thepensionsregulator.gov.uk
64017,riddle.com
64018,yaozy.com
64019,thecloud.net
64020,betfred.com
64021,hollyslist.com
64022,mosaicscience.com
64023,marks.com
64024,kitaballah.info
64025,translifeline.org
64026,erobomb.net
64027,linkvault.win
64028,grizzly.com
64029,all-creatures.org
64030,adskom.com
64031,gbrmpa.gov.au
64032,legalmarijuanaonlinestore.com
64033,dongxinbaoan.com
64034,ibispaint.com
64035,zgshbk.com
64036,halohul.com
64037,poz.com
64038,jdz.gov.cn
64039,lacomer.com.mx
64040,hifa.edu.cn
64041,daily-journal.com
64042,blackedraw.com
64043,galls.com
64044,pixxxels.cc
64045,brainline.org
64046,zejing.com
64047,plexim.com
64048,gomcgill.com
64049,ontariocolleges.ca
64050,indigitalworks.com
64051,bookmarkja.com
64052,phonographic.science
64053,embluemail.com
64054,rmfyw.com
64055,hertfordshiremercury.co.uk
64056,cbdhempoil31.com
64057,telegraphherald.com
64058,aquent.com
64059,ravensburger.de
64060,njcec.com
64061,fsastc.com
64062,awmf.org
64063,wildbrain.com
64064,radios-argentinas.org
64065,iphone-dev.org
64066,4sysops.com
64067,anime4you.one
64068,sona-systems.com
64069,sampo.ru
64070,ukas.com
64071,ahyxzs.cn
64072,visitsanantonio.com
64073,iljmp.com
64074,flipcause.com
64075,geyiad.com
64076,theidearoom.net
64077,openspeedtest.com
64078,milforddailynews.com
64079,conversationstartersworld.com
64080,sunnah.com
64081,sexcraf.com
64082,pathofdiablo.com
64083,keymetrics.io
64084,vbpl.vn
64085,casualdating-for-you.com
64086,dofe.org
64087,lapalingo.com
64088,safass.com
64089,lol.com
64090,gzchess.com
64091,healthypawspetinsurance.com
64092,ywindex.com
64093,wanttoknow.info
64094,xjishu.com
64095,pornhdxx.com
64096,worldwidemart.com
64097,ad4game.com
64098,coin.mg
64099,facile.it
64100,sphereup.com
64101,cats.org.uk
64102,gdv.de
64103,1xbets-mobil.xyz
64104,playnetwork.com
64105,twjbg.com
64106,assayyarat.com
64107,hasxrkj.com
64108,n-monitor.co.jp
64109,minuteclinic.com
64110,nxtv.com.cn
64111,articlesnatch.com
64112,cysec.gov.cy
64113,blockstack.org
64114,rfbr.ru
64115,x17online.com
64116,aup.edu
64117,immigration.gov.tw
64118,englishgrammar.org
64119,plagscan.com
64120,monarchwatch.org
64121,cheporn.com
64122,canadaonlinepharmacyhtik.com
64123,mayerbrown.com
64124,machinio.com
64125,testdaf.de
64126,movcr.st
64127,vidshar.tv
64128,stocknews.com
64129,ukclimbing.com
64130,newtonsoft.com
64131,km77.com
64132,rsgsv.net
64133,darookhaneonline.com
64134,jewishagency.org
64135,infopop.cc
64136,12go.asia
64137,xbiz.com
64138,duracell.com
64139,searchlock.com
64140,aai.aero
64141,tailieu.vn
64142,fczdzyxx.com
64143,cqmztws.com
64144,cormusic.com
64145,porn300.tel
64146,fireeyecloud.com
64147,themanufacturer.com
64148,atakdomain.com
64149,grey.com
64150,talentsmart.com
64151,foe.org
64152,ethdigitalcampus.com
64153,columbiabank.com
64154,karanpc.com
64155,ndalauso.com
64156,vikingrivercruises.com
64157,aspistrategist.org.au
64158,5nx.ru
64159,speedof.me
64160,shopier.com
64161,icondrawer.com
64162,xiuxianshipin.com.cn
64163,nuvid.tel
64164,toolband.com
64165,mailingboss.com
64166,imsdb.com
64167,68eg.com
64168,earn.com
64169,torrentzozo.com
64170,kva.se
64171,cultinfo.ru
64172,arkadiacorp.com
64173,zhdbds.com
64174,citc.gov.sa
64175,destekalani.com
64176,investorsstartpage.com
64177,dotblogs.com.tw
64178,cialissansordonnancefr.com
64179,ananasspb.ru
64180,baltimoremagazine.com
64181,3gpjizz.mobi
64182,tuberudy.com
64183,ywca.org
64184,detailed.com
64185,aptekakamagra.pl
64186,hosts.co.uk
64187,raphaeljs.com
64188,viagra48.com
64189,dnes.bg
64190,cncoz.com
64191,afro.com
64192,dobbyporn.com
64193,gzzk.cn
64194,webst8.com
64195,cof.org
64196,pornfeez.com
64197,factor.ua
64198,freeb.tc
64199,tjutcm.edu.cn
64200,mann-filter.com
64201,heidoc.net
64202,equatorialenergia.com.br
64203,sbismart.com
64204,celgene.com
64205,mbsnews.id
64206,tdwi.org
64207,yaraon-blog.com
64208,aurorahealthcare.org
64209,powderday.ru
64210,betterhealth.vic.gov.au
64211,cpase.org.cn
64212,peta2.com
64213,cloudmosa.net
64214,mathiasbynens.be
64215,tangshan.gov.cn
64216,forentrepreneurs.com
64217,tltnews.ru
64218,danopix.com
64219,ump.ac.id
64220,hebi.gov.cn
64221,ispt.com.cn
64222,rtyznd.com
64223,trafficwave.net
64224,design-buzz.com
64225,omanclub.com
64226,dailyurdupoetry.com
64227,naist.jp
64228,rtvi.com
64229,forsvarsmakten.se
64230,c3.hu
64231,iamexpat.nl
64232,luisaworld.com
64233,51766.com
64234,getbread.com
64235,big-bite.com
64236,foundmyanimal.com
64237,joinfo.ua
64238,netgoth.com
64239,nairaoutlet.com
64240,callcentrehelper.com
64241,sumup.com
64242,nationalparkstraveler.org
64243,viagrasoft24.com
64244,mporg.ir
64245,series-stream.net
64246,nocamels.com
64247,downloadroms.io
64248,santehnika-online.ru
64249,2miners.com
64250,westernaustralia.com
64251,ariananews.co
64252,theinitium.com
64253,membean.com
64254,lxbmq.com
64255,iledebeaute.ru
64256,computersquicknews.club
64257,derivative-calculator.net
64258,wxjzjs.cn
64259,xn--i2ru8q2qg.com
64260,levitra7.com
64261,crypto-news-flash.com
64262,gjbmj.gov.cn
64263,nesic.co.jp
64264,output.com
64265,pepejeans.com
64266,kicksta.co
64267,hbyirunxin.com
64268,modxvm.com
64269,pornbesh.com
64270,canadianpharmacytousa.com
64271,hsbank.com.cn
64272,zjxu.edu.cn
64273,chinajcz.com
64274,fer.hr
64275,unitedstateszipcodes.org
64276,sq.com.ua
64277,poemshenzhen.com
64278,sombokjob.com
64279,njkdt.com
64280,star2.com
64281,pornaaa.com
64282,ruankao.org.cn
64283,eyeshout.com
64284,genericcial.com
64285,bai.ne.jp
64286,zac.ai
64287,navsource.org
64288,mayanrocks.com
64289,wktv.com
64290,thecreativepenn.com
64291,gloriafood.com
64292,geekpostware.com
64293,cheapviagriageneric.com
64294,quintly.com
64295,cci-paris-idf.fr
64296,viagrawithoutdoctorbest.com
64297,porn4fit.com
64298,vardenafil.run
64299,wuiwui.com
64300,mojiax.com
64301,web-ofisi.com
64302,adbeat.com
64303,reformagkh.ru
64304,krak.dk
64305,webcars.com.cn
64306,guideco.cn
64307,orlandoairports.net
64308,continental-tires.com
64309,pijarmahir.id
64310,mcloud.to
64311,planet-schule.de
64312,yahoosites.com
64313,tmmp.io
64314,sechenov.ru
64315,porntess.com
64316,protectu.co.uk
64317,lantronix.com
64318,tosp.co.jp
64319,joqr.co.jp
64320,lpo.fr
64321,daisycon.com
64322,pornclu.com
64323,dab-bank.de
64324,satoshilabs.com
64325,vigrawithoutadoctorprescription.org
64326,jiagulun.com
64327,ezzocard.com
64328,thebigmansworld.com
64329,olderhouse.com
64330,choralnet.org
64331,mirrorcreator.com
64332,hebcar.net
64333,arhaus.com
64334,slowfoodusa.org
64335,supergiantgames.com
64336,ncscene.com
64337,wisefire.com
64338,radiotunes.com
64339,presaver.com
64340,sharecg.com
64341,kickfire.com
64342,secsports.com
64343,mio.com
64344,netzeitung.de
64345,pornberg.com
64346,affbank.com
64347,mapquestapi.com
64348,edu-soft.ru
64349,pornihd.com
64350,fudaml.com
64351,pmporn.com
64352,monitoringthefuture.org
64353,wrbl.com
64354,tslomhfys.com
64355,wellbutrin1.com
64356,clearchannel.com
64357,nnedv.org
64358,ghanasoccernet.com
64359,wne.edu
64360,metso.com
64361,stpsb.org
64362,intheswim.com
64363,traficom.fi
64364,bynder.com
64365,alura.com.br
64366,678565.com
64367,compari.ro
64368,unexplained-mysteries.com
64369,luriechildrens.org
64370,unitel.ao
64371,pornhip.com
64372,designingdigitally.com
64373,13625777838.com
64374,americangeriatrics.org
64375,casitalossuenos.com
64376,ratedwap.com
64377,cloudbet.com
64378,animeblix.com
64379,ai0123.top
64380,anidex.moe
64381,cqljjcgs.com
64382,sanqino.cn
64383,gvb.nl
64384,vuigame.vn
64385,wki.it
64386,edu35.ru
64387,digicelgroup.com
64388,mumzworld.com
64389,chinapage.com
64390,archivists.org
64391,eei.org
64392,eventsking.com
64393,702.co.za
64394,faw-vw.com
64395,siecledigital.fr
64396,wholefoods.com
64397,designersguild.com
64398,mercadopublico.cl
64399,leismunicipais.com.br
64400,artand.cn
64401,crawporn.com
64402,dramaid.tv
64403,jobup.ch
64404,theblacktux.com
64405,wolves.co.uk
64406,ponoko.com
64407,wide.ad.jp
64408,getkahoot.com
64409,cornwall.gov.uk
64410,tsf.pt
64411,porniess.com
64412,anhuayiyuan.com
64413,poetryarchive.org
64414,executivetraveller.com
64415,udir.no
64416,porncheif.com
64417,bookauthority.org
64418,ahdb.org.uk
64419,eonlineads.com
64420,kichink.com
64421,bailun.com
64422,kurnik.pl
64423,gdal.org
64424,bona.com
64425,gdnymall.com
64426,kicad-pcb.org
64427,globaljustice.org.uk
64428,businesstown.com
64429,verilymag.com
64430,emlfiles4.com
64431,europ-assistance.com.br
64432,tvmaze.com
64433,thergoldru.club
64434,popcorn-tracker.org
64435,redbullcontentpool.com
64436,secureauth.com
64437,blackkiwi.net
64438,freelists.org
64439,thltd.com
64440,carbonfund.org
64441,voyeurweb.com
64442,woodweb.com
64443,abgeordnetenwatch.de
64444,wineenthusiast.com
64445,bertelsmann.com
64446,menshine.cn
64447,ebiotrade.com
64448,internetmatters.org
64449,hetnieuweinstituut.nl
64450,jsr9.com
64451,aiuniv.edu
64452,yiyang.gov.cn
64453,getolympus.com
64454,bilstein.com
64455,gigsalad.com
64456,realeader.com.cn
64457,techtv.com
64458,methodspace.com
64459,ammoseek.com
64460,jenporn.com
64461,socialnewpagessearch.com
64462,pipersandler.com
64463,kerneltrap.org
64464,mjzsw.com
64465,tradeportalofindia.org
64466,angrycanadian.com
64467,nas-news1.club
64468,myskillsfuture.sg
64469,visitdallas.com
64470,xibeiwujin.com
64471,bjhongmeng.com
64472,yitb.com
64473,supplyconceptsinc.com
64474,agapea.com
64475,vyprvpn.com
64476,popbee.com
64477,nulled-scripts.xyz
64478,shi.com
64479,teamdynamix.com
64480,tips-and-tricks.co
64481,u-ryukyu.ac.jp
64482,sdmihjg.com
64483,yeeworld.com
64484,doktortakvimi.com
64485,chf163.com
64486,tdf.org
64487,aldf.org
64488,portlandgeneral.com
64489,bjapcc.org.cn
64490,myhotels.sa
64491,yijiatools.com
64492,micky.com.au
64493,burpple.com
64494,saasworthy.com
64495,bcps.org
64496,lloydstsb.com
64497,silversneakers.com
64498,coopertire.com
64499,regensburg.de
64500,me2.do
64501,pornmeds.com
64502,7barter.com
64503,salesmate.io
64504,cheapestcial.com
64505,oxforddnb.com
64506,cartoonnetworkhq.com
64507,havas.com
64508,whtc.com
64509,apacificexpo.com
64510,mrooms3.net
64511,govloop.com
64512,wtvy.com
64513,mintos.com
64514,qdjinfenghc.com
64515,hotbuyhk.com
64516,thearabweekly.com
64517,gathercontent.com
64518,viagra101.com
64519,coloradopolitics.com
64520,engati.com
64521,displaylink.com
64522,ganjine-co.org
64523,familyvacationcritic.com
64524,antagram.com
64525,theodi.org
64526,cssminifier.com
64527,bellacor.com
64528,uacj.mx
64529,mumporn.com
64530,peoplematters.in
64531,copper.org
64532,gowalla.com
64533,nhlstenden.com
64534,bebuzee.com
64535,e-autopay.com
64536,flashvd.com
64537,basarisiralamalari.com
64538,kldl.com
64539,kuas.edu.tw
64540,wowcher.co.uk
64541,zapr.in
64542,moum.kr
64543,postfreeadshere.com
64544,lepotcommun.fr
64545,ovenbakery.com
64546,dghttz.com
64547,redlandsdailyfacts.com
64548,exelearning.net
64549,pornami.com
64550,desu.edu
64551,xtremesystems.org
64552,charlieintel.com
64553,metart.com
64554,eltern.de
64555,azgfd.com
64556,webuy.com
64557,presentationzen.com
64558,yechangw.net
64559,bonuseggiolino.it
64560,ingcom.ru
64561,e-rewards.com
64562,proandroiddev.com
64563,equitablegrowth.org
64564,dreamnews.jp
64565,asos-media.com
64566,stilt.com
64567,sylvanlearning.com
64568,cursbnr.ro
64569,bebitalia.com
64570,ynrsksw.com
64571,appfutura.com
64572,verishop.com
64573,alma.edu
64574,hdtube.porn
64575,jiuyuanjidian.com
64576,awsdns-09.co.uk
64577,petoskeynews.com
64578,chinamaco.cn
64579,usmd.com.cn
64580,pfporn.com
64581,kanade-ad.net
64582,santegidio.org
64583,vraiforum.com
64584,checkmytrip.com
64585,visitabudhabi.ae
64586,bshifen.com
64587,sdhblwj.com
64588,librebook.me
64589,fspride.com
64590,campaignforliberty.org
64591,cgmimm.com
64592,drivehq.com
64593,moet.gov.vn
64594,hplovecraft.com
64595,skillroads.com
64596,wxmstg.com
64597,cctxa.cn
64598,deveshcreations.com
64599,ieet.org
64600,isunshare.com
64601,bbcearth.com
64602,kinhtedothi.vn
64603,ozyporn.com
64604,agri-pulse.com
64605,bstn.com
64606,wilcoworld.net
64607,lmobi.net
64608,myaporn.com
64609,xypid.win
64610,calldorado.com
64611,tagabit.io
64612,mandela.ac.za
64613,hajapaciencia.com.br
64614,autoimg.cn
64615,ournationtour.com
64616,reederapp.com
64617,parscenter.com
64618,lazoom.com
64619,ilovetranslation.com
64620,stockbrokers.com
64621,11freunde.de
64622,zhang-hua.com
64623,hoemasfat.site
64624,dcvelocity.com
64625,iuhealth.org
64626,telebank.co.il
64627,rso23.ru
64628,uma.vn
64629,watchlakorn.in
64630,amanotes.net
64631,pornocut.com
64632,whatsgabycooking.com
64633,kolotibablo.com
64634,roadbikereview.com
64635,vampirefreaks.com
64636,moviequestions.com
64637,pornexp.com
64638,nahc.org
64639,porndah.com
64640,cuil.com
64641,gamshing.com
64642,gifjia.com
64643,surfingbird.ru
64644,voyagela.com
64645,efunda.com
64646,sightline.org
64647,tamilscandals.com
64648,usfq.edu.ec
64649,fdsfsdf.com
64650,allyourlike.com
64651,gigacloudlogistics.com
64652,porndep.com
64653,gzpta.gov.cn
64654,malts.com
64655,blaporno.com
64656,greengenericjen.com
64657,xmxdev.com
64658,y-3.com
64659,zzhelps.com
64660,famousdaves.com
64661,curry6shoes.us
64662,fanli.com
64663,thinknum.com
64664,rvm.io
64665,indiafreestuff.in
64666,rclis.org
64667,metube.id
64668,piesync.com
64669,kntu.ac.ir
64670,viagogo.com
64671,traviscountytx.gov
64672,takefile.link
64673,keralatourism.org
64674,margaritaville.com
64675,paydayloansnc.org
64676,ctfda.com
64677,huainanwomen.org.cn
64678,iocdf.org
64679,wmcarey.edu
64680,fullkade.com
64681,partnerconsole.net
64682,amoad.com
64683,gwiec.com
64684,asgclickkl.com
64685,sevilla.org
64686,yifyddl.co
64687,yzzw.net
64688,jnfsxa.com
64689,vetsfirstchoice.com
64690,beastieboys.com
64691,69xporn.com
64692,1xbetvhod24.ru
64693,svgtopng.com
64694,hotdocs.ca
64695,telescope.com
64696,pknu.ac.kr
64697,romaniatourism.com
64698,saastr.com
64699,mediaradar.com
64700,thefiniko.com
64701,qtv.com.cn
64702,okcu.edu
64703,adaraanalytics.com
64704,giropay.de
64705,e-nai.cn
64706,xporno.red
64707,magazineworld.jp
64708,caanet.org.cn
64709,anon-v.com
64710,meristation.com
64711,templeton.org
64712,sharezur.com
64713,jxqcjt.com
64714,edtrust.org
64715,faithclick.com
64716,dynsrvtbg.com
64717,pornana.com
64718,dcmx.jp
64719,indians.org
64720,porneron.com
64721,aj1047.online
64722,jcu.edu
64723,eastoregonian.com
64724,vr-sampo.com
64725,tiffen.com
64726,fromgold.com
64727,maroof.sa
64728,brdu.pw
64729,thevtk.com
64730,openmoko.org
64731,lloydsbankinggroup.com
64732,preview-domain.com
64733,lushome.com
64734,bianjiebao.com
64735,stack-sonar.com
64736,risnews.com
64737,sinomach.com.cn
64738,asstr.org
64739,makeupandbeauty.com
64740,html-css-js.com
64741,ausa.org
64742,jaaar.com
64743,filmvilag.me
64744,adalo.com
64745,apksfreedownload.com
64746,pornazo.com
64747,pornatics.com
64748,rakuya-com.com
64749,hbtcm.edu.cn
64750,whowhere.com
64751,nrz.de
64752,rotana.com
64753,kamaporn.com
64754,15forum.com
64755,gamescom-cologne.com
64756,bgys365.com
64757,playframework.com
64758,pornlvl.com
64759,pythonware.com
64760,leasedadspace.com
64761,twofactorauth.org
64762,ird.gov.hk
64763,porngere.com
64764,hamiltonmusical.com
64765,zhixinxinli.cn
64766,wknzxy.com
64767,dailyedp.com
64768,orellfuessli.ch
64769,my100000.com
64770,tnau.ac.in
64771,myhastidl10.top
64772,heepsy.com
64773,play2048.co
64774,octanime.com
64775,yhjyx.cn
64776,foerderland.de
64777,ulysses.app
64778,hwggtg.com
64779,xxxpornotuber.com
64780,frognet.com
64781,evapunk.com
64782,lodgify.com
64783,persecution.com
64784,divessi.com
64785,adformatie.nl
64786,kutasoftware.com
64787,cprewritten.net
64788,japanrailpass.net
64789,asianloads.com
64790,orthodoxy.ru
64791,weborama.com
64792,enternews.vn
64793,changpianji.com
64794,omgtu.ru
64795,bilimdiler.kz
64796,nextu.com
64797,maregionsud.fr
64798,ourtrade.net
64799,roadfood.com
64800,treeviyo.com
64801,gledajonline.net
64802,moo-mou.com
64803,bitbucketload.com
64804,jandi.com
64805,peelschools.org
64806,zxdyw.com
64807,iko-yo.net
64808,tataaig.com
64809,rethinkingschools.org
64810,utad.pt
64811,hzwate.com
64812,jobeast.com
64813,netinternet.com.tr
64814,samsungfire.com
64815,deartree.com
64816,hhhthhzb.com
64817,pucminas.br
64818,xlr8r.com
64819,ludokingapi.com
64820,piku.co.kr
64821,dailyorange.com
64822,kjj.com
64823,libraries.io
64824,gocity.com
64825,mw.lt
64826,evil.tel
64827,paopaomz.com
64828,marketglory.com
64829,legendei.to
64830,vestel.com.tr
64831,appropedia.org
64832,giveme5.co
64833,visitmaine.com
64834,misfitsmarket.com
64835,masterpass.com
64836,cialisbuffett.com
64837,thebroad.org
64838,aapg.org
64839,gzhhty.com
64840,premier.gov.pl
64841,njhdjc.com
64842,iblogger.org
64843,sportscorner.qa
64844,selectra.info
64845,cyut.edu.tw
64846,myjane.ru
64847,rojadirecta.es
64848,intwk.co.jp
64849,bonuscrate.com
64850,bourgeoa.ga
64851,principle.jp
64852,embark.com
64853,keren-s.co.il
64854,hophap.net
64855,stevehoffman.tv
64856,sailorstation.com
64857,profootballnetwork.com
64858,dipierrobrandstore.it
64859,bretterichardson.com
64860,newsinlevels.com
64861,openbravo.com
64862,pureformulas.com
64863,macwelt.de
64864,drei.at
64865,workport.co.jp
64866,mottmac.com
64867,4geo.ru
64868,dpd.co.uk
64869,easyreligion.org
64870,lifegate.it
64871,petit.cc
64872,ursoftware.com
64873,caribbeannewsdigital.com
64874,beon.ru
64875,gocashback.com
64876,kokucheese.com
64877,pacinst.org
64878,getmyapp.xyz
64879,eventsphoto.com
64880,dragalialost.com
64881,365carpet.com
64882,batiactu.com
64883,quidax.com
64884,huataigroup.com
64885,petcarerx.com
64886,pornfck.com
64887,molit.go.kr
64888,io-tech.fi
64889,na-kd.com
64890,cheapjerseysfree.com
64891,filmizleg.com
64892,dirty.ru
64893,nari.org
64894,chitai-gorod.ru
64895,onetouch6.com
64896,sougo-coaching.jp
64897,mirf.ru
64898,czso.cz
64899,xvid.org
64900,mailorderbridereview.org
64901,grammar-monster.com
64902,focus-news.net
64903,articlealley.com
64904,mirage.com
64905,tnstateparks.com
64906,getwestlondon.co.uk
64907,dce.com.cn
64908,cioinsight.com
64909,cheapjerseys25.com
64910,sikporn.com
64911,tag-analytics.com
64912,game-dictionary.net
64913,huashiaz.com
64914,porn2share.com
64915,techsightings.com
64916,openair.com
64917,lotus.vn
64918,trafficjunky.com
64919,obgy.cn
64920,thenew.org
64921,aixia.cc
64922,chemeketa.edu
64923,unknownworlds.com
64924,kidsafeseal.com
64925,gapo.vn
64926,hmyquickconverter.com
64927,visitidaho.org
64928,charactercounttool.com
64929,ivacy.com
64930,poke-m.com
64931,dmarc.org
64932,everyspeed.com
64933,ledgerinsights.com
64934,theroar.com.au
64935,dailyillini.com
64936,zut.edu.cn
64937,isobar.com
64938,opta.net
64939,edge4k.com
64940,private.com
64941,china-hei.com
64942,espol.edu.ec
64943,mlsjx.com
64944,dlgty.com
64945,nbs.com.cn
64946,blogsys.jp
64947,torrentsfilmeshd.tv
64948,zwwheels.com
64949,forgeworld.co.uk
64950,journeytoforever.org
64951,exawarosu.net
64952,ensai.fr
64953,dogonews.com
64954,pornolic.com
64955,fahorro.com
64956,qpyou.cn
64957,dtn.com
64958,sh-jyfm.com
64959,webmasterpro.de
64960,pornhd24.com
64961,lcrb.cn
64962,pimoroni.com
64963,worldbookday.com
64964,stock98.com.tw
64965,towerrecords.com
64966,icanw.org
64967,uniag.sk
64968,aulacm.com
64969,fhtcfoundation.com
64970,sexcali.com
64971,scorm.com
64972,crimeastar.net
64973,xatakafoto.com
64974,jaw.pl
64975,szrongfang.com
64976,cialissmx.com
64977,greenmarketreport.com
64978,d-web-design.com
64979,123ink.ca
64980,bluelivesmatter.blue
64981,pv-magazine-usa.com
64982,xinhaikejigs.com
64983,classtell.com
64984,cableabc.com
64985,porn305.com
64986,collins.co.uk
64987,ibzxchina.com
64988,landsofamerica.com
64989,howhere.com
64990,miur.it
64991,yabloko.ru
64992,zaiko-robot.com
64993,tie.org
64994,xilisoft.com
64995,0731pd.com
64996,stopnews.online
64997,djicdn.com
64998,vegnet.com.cn
64999,crusaderkings.com
65000,bst-gelatin.com
