410411,fastcommerz.com
410412,ahkj.gov.cn
410413,buybestgamingpc.com
410414,reliaquest.com
410415,odocumento.com.br
410416,trickortreatstudios.com
410417,zofthost.com
410418,smithandcult.com
410419,multispaces.net
410420,slot-haus.de
410421,northernpowergrid.com
410422,plesheevo-lake.ru
410423,idate.org
410424,wetandpissy.com
410425,arcteryxboots.com
410426,citybreak.com
410427,fwb.org
410428,eta-united-kingdom.com
410429,thbhotels.com
410430,chef-clean.com
410431,noesistz.com
410432,ehsan-edu.org
410433,chinanim.com
410434,tcbroschoppers.com
410435,budvawshes.ru
410436,snapgoods.com
410437,mohp.gov.np
410438,playerzpot.com
410439,dacsantuoisach.com
410440,zadeteto-varna.com
410441,disktuna.com
410442,acemetrix.com
410443,wavestone.com
410444,seinhn.com
410445,secjuice.com
410446,bet24casino.se
410447,christiandaily.co.kr
410448,maydesigns.com
410449,40la.com
410450,recargaexpres.com
410451,thinkolga.com
410452,soccerlive.gr
410453,didyouknow.org
410454,evank.org
410455,eccmid.org
410456,nil.org.pl
410457,courierpost.co.nz
410458,faperj.br
410459,tnawrestling.com
410460,ukfree.tv
410461,myzonego.com
410462,befindinghome.com
410463,texasarchive.org
410464,gadatatracking.com
410465,atra.com
410466,happycodings.com
410467,fullonguide.online
410468,hierporno.com
410469,foxebook.net
410470,xn----7sbbfsshef0aedydgg4lyb.xn--p1ai
410471,gd-huadi.com
410472,honka.com
410473,talkspirit.com
410474,pennie.gr
410475,blacksugar.tv
410476,disruptj20.org
410477,purduecal.edu
410478,findingdebra.com
410479,cursosfemxa.es
410480,paralymp.ru
410481,merionwest.com
410482,kaktuz.com
410483,cablefaxtvsummit.com
410484,mobiltop.cz
410485,yokote.lg.jp
410486,motowey.com
410487,rachelbythebay.com
410488,familyhinode.com
410489,campaignjapan.com
410490,adassoc.org.uk
410491,imzog.com
410492,brunomaglishoes.us
410493,springsun.net
410494,5fan.ru
410495,sawdustartfestival.org
410496,whatsapp-webs.ru
410497,newsmb.net
410498,materialeseducativos.net
410499,ushjuz.kz
410500,do.co
410501,frenchs.com
410502,fbnewsleader.com
410503,election-results.eu
410504,celebsunmasked.com
410505,rvcfire.org
410506,itesi.edu.mx
410507,vnedorozhnik.net.ua
410508,mta3.net
410509,revisionenergy.com
410510,attentiontrust.org
410511,realestatewithdan.com
410512,personalfinancefreedom.com
410513,wbxpress.com
410514,etailz.com
410515,parsaylawyers.com
410516,cityofbowie.org
410517,madridinformativo.com
410518,feelingnifty.com
410519,justintvizle.net
410520,michael-kors-outletonline.us
410521,islamicacademy.org
410522,hittc.org.vn
410523,gayxvideo.asia
410524,atbu.edu.ng
410525,ztgsm.ru
410526,apophysis.org
410527,fongnews.net
410528,giftus.ir
410529,yggseaj.ru
410530,elevenbyvenuswilliams.com
410531,zewkzwg.ru
410532,windermere-lakecruises.co.uk
410533,kunsthallebasel.ch
410534,ct950.com
410535,quickfs.net
410536,duvskogens.se
410537,kichikudoujin.com
410538,optictoria.ru
410539,eterna.de
410540,bitgiving.com
410541,craftpedia.net
410542,mobilitytechzone.com
410543,sonycentre.ca
410544,vp-concept.ch
410545,chrome-hearts.com.co
410546,thinklocal.co.za
410547,centerstage.net
410548,rigway.ru
410549,kantartns.ru
410550,renren-inc.com
410551,corluhaber.com.tr
410552,cdpinstitute.org
410553,socialworkhelper.com
410554,karachan.org
410555,lesrosbiznes.ru
410556,wenjd.cn
410557,neurotica1061.mx
410558,quepasajujuy.com.ar
410559,xn--l3cmkhne0a2a5cpce5b.com
410560,phoeunpc.com
410561,aigle-azur.com
410562,officeplugin.com
410563,truxgo.com
410564,bigfootinteractive.com
410565,ramblergroup.com
410566,lberi.org
410567,labtec.com
410568,totallyfreecursors.com
410569,wp-store.ir
410570,ifeu.de
410571,3927qp.com
410572,dklf.dk
410573,historyteacher.net
410574,share-project.org
410575,automorbit.com
410576,thehotelemma.com
410577,homesforourtroops.org
410578,bigdogsecrets.com
410579,printsearch.de
410580,synametrics.com
410581,all-yoga.ru
410582,christensenplace.us
410583,procontent.ru
410584,entrelineasqro.com
410585,karakayaasm.com
410586,poolandspa.com
410587,jaidah.com.qa
410588,totallythames.org
410589,amydgorin.com
410590,smusd.org
410591,aclicloud.it
410592,ajkpsc.gov.pk
410593,videoaktiv.de
410594,readymaderc.com
410595,0755zb.com
410596,lanline.de
410597,dhushara.com
410598,musecube.org
410599,theredheadbaker.com
410600,bringbutler.de
410601,spinsports.com
410602,zn166.cn
410603,directline.com
410604,multibhashi.com
410605,toptantr.com
410606,soitec.com
410607,skenz.it
410608,apk-xd.com
410609,websiteworthspot.com
410610,3939.com.tw
410611,foodforthebrain.org
410612,digitaloctober.ru
410613,adultpost.net
410614,xyysqh.com
410615,fitone.ir
410616,evergreenhomeloans.com
410617,advertising.gr
410618,mortgagecalculators.info
410619,weashare.com
410620,torisetsu.biz
410621,assessfirst.com
410622,mith.io
410623,uu898.com
410624,console5.com
410625,visasq.com
410626,reel-story.com
410627,proto-global-gmbh.com
410628,rus-arm.ru
410629,oblookup.com
410630,moonlight.com.au
410631,silgonex.io
410632,penetrace.com
410633,withoutdoc.com
410634,birdweb.org
410635,360earthview.com
410636,outilsobdfacile.com
410637,dmx512net.com
410638,rakmanengineering.co.ke
410639,faststonesoft.net
410640,u7c7.com
410641,simplifylivelove.com
410642,freshmebel.com
410643,fodlkf9d1p.com
410644,furkansaglam.com
410645,jc-diecasting.com
410646,seaside-park.jp
410647,runforyourlives.com
410648,capenet.org
410649,herrealtors.com
410650,tanzimekhanevadeh.com
410651,b4bestreviews.com
410652,snoopyrun.com
410653,open-tx.org
410654,ibw21.org
410655,ijszx.com
410656,blogtrafficexchange.com
410657,dannerboots.us
410658,greatfortunebuzz.com
410659,mdagi.com
410660,kosherwine.com
410661,sdbeer.com
410662,engageadvisor.com
410663,rogerballen.com
410664,pub-tmaws.io
410665,thehubpeople.com
410666,pomida.gr
410667,chorusitalia.it
410668,djyjgyg.com
410669,qestigra.ru
410670,helijet.com
410671,belimobilbaru.com
410672,frederator.com
410673,elist10.com
410674,hyperbiotics.com
410675,metropol.hu
410676,visitcastlepinesproperties.com
410677,88598.com.tw
410678,ortocati.com.br
410679,nkrpg.com
410680,developergang.com
410681,latch.com
410682,innovatebuildingsolutions.com
410683,clearalist.com
410684,bykilian.com
410685,isd728.org
410686,gopurebeauty.com
410687,healthyaging.net
410688,alpina.ru
410689,shitposter.club
410690,bioshockgame.com
410691,vnickname.ru
410692,mindmasked.org
410693,stem4adults.com
410694,bjmde.com
410695,glbe.co
410696,colszoo.org
410697,mylapel.com
410698,jianzhan8.cn
410699,ragnarevival.com
410700,icoachtraining.com
410701,aff166.com
410702,globalstaffingpartner.com
410703,csiss.org
410704,proyecto2000.edu.ec
410705,nuclipsicologia.com
410706,poradnik-webmastera.com
410707,ysystems.jp
410708,kyuuyo-pit.com
410709,brezina.cz
410710,coalitionfortrust.org
410711,arfemoil.com
410712,njwnsp.com
410713,zjksblc.com
410714,scsport.ba
410715,largopubliclibrary.net
410716,thelevelmedia.com
410717,bbrowscenter.com
410718,aaronpurvis.com
410719,handelsbanken.fi
410720,marketfolly.com
410721,osga.com
410722,gestionatuweb.net
410723,area17.com
410724,smmaofficial.com
410725,bbxy.edu.cn
410726,the-saudi.net
410727,guanabee.com
410728,ekbo.de
410729,eaab.org.za
410730,astutium.com
410731,fifalogin.com
410732,sherrythomas.us
410733,agriseek.com
410734,hiphing.com.hk
410735,nowaroos.com
410736,incheon.ac.kr
410737,vegancooking.info
410738,thederrick.com
410739,infobit.me
410740,dalstrong.com
410741,windrama.com
410742,chukfamily.ru
410743,fairsearch.org
410744,woio.com
410745,vsexshop.ru
410746,paulhawken.com
410747,userexperienceux.com
410748,przeprowadzki-katowice.org.pl
410749,taodaso.com
410750,lovingpods.com
410751,dns1.us
410752,interactiveaccessibility.com
410753,kuyun1.com
410754,erafone.com
410755,skullgirls.com
410756,teapuesto.pe
410757,collegephysicsanswers.com
410758,drray24.com
410759,pivotlog.net
410760,quanbixuetang.com
410761,liftintent.com
410762,freshbrothers.com
410763,liftweb.net
410764,stephencleary.com
410765,loquax.co.uk
410766,port25.com
410767,library67.ru
410768,egyuttavizen.hu
410769,goalwise.com
410770,fhspot.com
410771,bit-bux.ru
410772,gateleyplc.com
410773,get-top.ru
410774,md4u.ru
410775,apcomputadores.com
410776,gplayspace.com
410777,jmkarch.com
410778,myeurekaclub.com
410779,mitosettembremusica.it
410780,distro.tv
410781,aaflalo.me
410782,snowvalleyfurniture.com
410783,centralmalaysia.com
410784,domopravitelnitsa.com
410785,traderscorner.vn
410786,pronuncian.com
410787,statslayout.com
410788,werecruit.io
410789,tubepornx.com
410790,essentialketo.com
410791,alibabaschool.edu.vn
410792,relevantdirectory.biz
410793,masseyratings.com
410794,starikam.org
410795,oldtimerastra.com
410796,cialisyrpo.com
410797,lee.com
410798,powerprojects.in
410799,workspace-access.total
410800,rapidsitecheck.com
410801,gooreg.com
410802,maquetland.com
410803,adidas-outlet.ca
410804,nttr.co.jp
410805,offerofworld.com
410806,amaravativoice.com
410807,windsorplywood.com
410808,jingjia.org
410809,dzjob.info
410810,thegentlewoman.co.uk
410811,caaad.com
410812,maartenbaas.com
410813,greenharvest.com.au
410814,costaneranorte.cl
410815,healthystuff.org
410816,web2con.com
410817,hollyfrontier.com
410818,myeroge.com
410819,eeginfo.com
410820,gaiaworkforce.com
410821,1925.cn
410822,nyscf.org
410823,dabconnection.com
410824,mercibelle.cn
410825,soufieco.com
410826,moralstories.org
410827,organicindiausa.com
410828,jlm.net.id
410829,yalla-soft.com
410830,humancoder.com
410831,hungryhub.com
410832,pranarom.co.jp
410833,skjapanexport.co.jp
410834,smart-venture.org
410835,zariahstrong.com
410836,adtargeting.io
410837,chillit.co.uk
410838,gruppovideomedia.it
410839,pulse.lk
410840,bizmideast.com
410841,elsemanal.es
410842,filasolutions.com
410843,francecasse.fr
410844,howtohome.com
410845,democraticgovernors.org
410846,bestcouponsnow.com
410847,nightschoolstudio.com
410848,acsendo.com
410849,epicchq.com
410850,minatokobe.com
410851,bellperformance.com
410852,livecamwhoring.com
410853,wechatpay.com.hk
410854,7trip.com
410855,fellowsclass.com
410856,pacecenter.org
410857,bjcaca.com
410858,taxisennoy.tk
410859,seniorcareauthority.com
410860,joannejacobs.com
410861,engdict.com
410862,club443.ru
410863,michellekylephoto.com
410864,huffmanstrategy.com
410865,linggongbang.cn
410866,matureluckytube.com
410867,campquality.org.au
410868,followingthenerd.com
410869,cevre.org
410870,oppsterk.nl
410871,memphismuseums.org
410872,17365i.com
410873,sandscotaicentral.com
410874,thewebindex.org
410875,wisedental.com.tw
410876,simolife.com
410877,gramener.com
410878,eslauthority.com
410879,dienbien.gov.vn
410880,staccato2011.com
410881,elmenykertkft.hu
410882,ishikacallgirlsservice.com
410883,footballia.net
410884,codingelements.com
410885,teplickekocky.cz
410886,bedales.org.uk
410887,bricoleurdudimanche.com
410888,gtxxg.net
410889,020ggg.net
410890,uralecologia.ru
410891,cadillacfairview.com
410892,imageresize.org
410893,repower.com
410894,breaking-bad-streaming.org
410895,mooreandgiles.com
410896,guapi.ch
410897,vodlocker.com
410898,quakecharger.com
410899,tranthinhlam.com
410900,astra.ses
410901,betterafter50.com
410902,twitchfa.ir
410903,malariavaccine.org
410904,billboardmusicawards.com
410905,yourbestdate.org
410906,raybanprescriptionglasses.us
410907,playproject.eu
410908,vasteredu.com
410909,maineniche.com
410910,kuini.com
410911,hiredtoday.com
410912,rivaj-uk.com
410913,macrolynx.com
410914,greaterzion.com
410915,eskemm.net
410916,apur.org
410917,tickera.com
410918,somosinvictos.com
410919,coppenrath.de
410920,google-antivirus.com
410921,bolehr.ren
410922,tataprojects.com
410923,republican-eagle.com
410924,ketabweb.com
410925,stewartnow.com
410926,scalacube.net
410927,ukrcenter.com
410928,viagracheapestprice.com
410929,cdhpl.com
410930,meatsandsausages.com
410931,taklongclub.com
410932,azonnali.hu
410933,dochase.com
410934,mayones.com
410935,algovid.com
410936,newseumed.org
410937,auctiondirectusa.com
410938,talentdevelop.com
410939,simplication.com
410940,momluck.com
410941,qiche.com
410942,analogsys.com
410943,lark.com
410944,schoolphysics.co.uk
410945,molodyvcheny.in.ua
410946,iefuu.com
410947,verygoodsecurity.com
410948,innovationsfonden.dk
410949,subzin.com
410950,etoropartners.com
410951,kulfoto.com
410952,cidp.edu.cn
410953,kong.it
410954,benscott.me
410955,localschoolsnetwork.org.uk
410956,lot18.com
410957,pesonaedu.id
410958,servpac.com
410959,ondupacart.es
410960,contentbeautywellbeing.com
410961,sharedpics.net
410962,illustrationweb.com
410963,pafpartners.com
410964,tratarea-impotentei-ro.eu
410965,rimonabant.team
410966,winchesterva.gov
410967,southmelbournemarket.com.au
410968,jcwab.com
410969,ccr-mag.com
410970,earthsciweek.org
410971,collegeofdirectsupport.com
410972,qyc999.com
410973,advancedliving.com
410974,la-boite-a-rire.fr
410975,sjzl19.com
410976,irzs.ru
410977,igloohome.co
410978,neko.vn
410979,diariodevalladolid.es
410980,magicformulainvesting.com
410981,clubgiggle.com
410982,seibu-leisure.co.jp
410983,usfamilyguide.com
410984,hushiedu.net
410985,luftlinie.org
410986,century21crownhomes.com
410987,hurenindeeend.nl
410988,cgiamestre.com
410989,spiritualunite.com
410990,nikefactoryoutlet.org
410991,hays.com.au
410992,myanatomy.in
410993,vaomos.news
410994,aascircle.com
410995,cafecentral.wien
410996,titanindex.net
410997,cosmic-matters.tv
410998,machogay.club
410999,406classifieds.com
411000,craftulate.com
411001,kinopod.ru
411002,firerecords.com
411003,makingahomeincary.com
411004,siracevizlerasm.com
411005,logas.org
411006,skipthisblog.com
411007,porn-sex-comics.com
411008,kidsii.com
411009,colplex.com
411010,seksi-new.ru
411011,popeyeschicken.ca
411012,swva.net
411013,kolkatapackersmovers.in
411014,navicosoft.com
411015,aashk.com
411016,vegascreativesoftware.info
411017,dealspwn.com
411018,sca-aware.org
411019,follownews.com
411020,musclewiki.com
411021,gettheglass.com
411022,pingpvietnam.com
411023,kunnat.net
411024,jpg2.kr
411025,intengo.com
411026,christianlouboutinoutletsale.org
411027,lexapro1020mg.com
411028,gogoldtalk.com
411029,treehousebrew.com
411030,editorialphotographer.com
411031,nimms.ch
411032,museuoscarniemeyer.org.br
411033,smoothcreationsonline.com
411034,gilestevez.com
411035,sicpa.com
411036,nines.org
411037,suckmydickbitch.com
411038,fundingpost.com
411039,jeffsmodels.com
411040,91zz5.vip
411041,cheapelitenfljerseys.com
411042,hansimglueck-burgergrill.de
411043,provab.com
411044,rarefilmfinder.com
411045,elviejotopo.com
411046,njjdslcl.com
411047,comunidadblogger.net
411048,amaperfect.com
411049,productsup.com
411050,hpeprovisioning23.live
411051,pennypincherfashion.com
411052,waermepumpe.de
411053,cdnbay.com
411054,linkstant.com
411055,confiraagenda.com
411056,bosshunt.ru
411057,receptfavoriter.se
411058,supremefr.fr
411059,boodles.com
411060,nzail.com
411061,bakkah.net.sa
411062,my-personality-test.com
411063,nikeairzoompegasus35.us
411064,thewizard.it
411065,startacareertoday.com
411066,grupogtd.com
411067,dealsviral.com
411068,search-hub.co
411069,freshhints.com
411070,statusour.com
411071,elmalpensante.com
411072,bellabathrooms.co.uk
411073,squakenet.com
411074,spordb.com
411075,assn.la
411076,vistabee.com
411077,cabezamala.it
411078,caleague.com
411079,frank151.com
411080,irdevelopers.com
411081,amsn.org
411082,banyanops.com
411083,themainemag.com
411084,zuricart.co.ke
411085,tejaratefarda.com
411086,vitaepensiero.it
411087,museodiroma.it
411088,d4sign.com.br
411089,yalankozasm.com
411090,hickenlooper.com
411091,danigp.es
411092,eyebobs.com
411093,worldconnx.net
411094,applidium.com
411095,chinitnam.com
411096,arabianlimo.com
411097,buycheapget.org.uk
411098,lauritsen.com
411099,keeper-ph.com
411100,runwaff.com
411101,wxinqun.com
411102,tech5hop.com
411103,coricraft.co.za
411104,picons.me
411105,kompasproductions.com
411106,evhc.net
411107,itrackapp.com
411108,fickenporno.com
411109,chicagolandspeedway.com
411110,zoig.com
411111,autotirechecking.com
411112,h5c.co
411113,seedmoney.org
411114,kitchentipus.com
411115,hainet.cn
411116,empiricalmama.com
411117,urbanvelo.org
411118,vpn-configuration.com
411119,zerone.jp
411120,aldenshoes.us
411121,rush-my-essay.com
411122,nellco.org
411123,versaic.com
411124,zwiki.org
411125,qalab.dev
411126,aitex.es
411127,trashbilling.com
411128,animalogia.com
411129,anhima.fr
411130,vipliner.biz
411131,drumchina.com
411132,afms.co
411133,tesbihane.com
411134,ck180.net
411135,elecdesign.com
411136,adoseofliberty.com
411137,eslteachersboard.com
411138,agb.dz
411139,travellio.info
411140,at0086.cn
411141,hellosociety.com
411142,sltda.gov.lk
411143,dsptch.com
411144,bangthebook.com
411145,weddingmemory.cn
411146,affiliatefunnel.com
411147,slotokingua.com
411148,qualcommventures.com
411149,k2sports.com
411150,biodo.cn
411151,lsh.co.uk
411152,edu-all.ru
411153,ku66.ru
411154,cmsw.org.cn
411155,iskanunu.com
411156,nsogroup.com
411157,wiz-one.co.kr
411158,shelkino.su
411159,jobingov.com
411160,ericharshbarger.org
411161,synthira.ru
411162,6postmeridian.com
411163,sinp.net
411164,psy-practice.com
411165,zhenzhuhuashicaichang.net
411166,sushiltechvision.com
411167,golfzon.com
411168,rucnaaa.org
411169,cookingprofessionally.com
411170,uservernet.online
411171,cosential.com
411172,sysucc.org.cn
411173,badmintoncentral.com
411174,upsight.com
411175,worldmusicawards.com
411176,weldingchamps.com
411177,linkkwartier.nl
411178,hpaconsultant.com
411179,internetstores.de
411180,toulon.fr
411181,spectrumengine.jp
411182,whereisconnnectioncityeplex.com
411183,franchiseinterviews.com
411184,thefourwinds.com
411185,universityrooms.com
411186,ojee.nic.in
411187,rbbs1.net
411188,cyberstyle.ru
411189,top-10-list.org
411190,uglydolls.com
411191,glaadblog.org
411192,proedu.com
411193,cm-vfxira.pt
411194,carewebqi.org
411195,redbulks.com
411196,szxinbaisheng.com
411197,hostessbrands.com
411198,canfitpro.com
411199,tierwelt.ch
411200,traininginsholinganallur.in
411201,fn123.cc
411202,detran.se.gov.br
411203,iktkiwf.su
411204,idreamanimation.com
411205,visualworks-training.com
411206,sendika.org
411207,activitysport.com.ua
411208,nordicmade.com
411209,statbot.net
411210,wlmqgjj.com
411211,wapka.me
411212,ctreap.net
411213,networkeddirectory.org
411214,zmat.ir
411215,wowzao.com
411216,runbritain.com
411217,gcmingati.net
411218,daymarcollege.edu
411219,kionix.com
411220,abujainvestments.com
411221,gmailo.co
411222,lazerpenguin.com
411223,visithamiltoncounty.com
411224,spacemath.xyz
411225,argentendo.com
411226,thoughtmaybe.com
411227,lessoliansu.com
411228,aquipelis.net
411229,pal-robotics.com
411230,blantonsbourbon.com
411231,qbhouse.co.jp
411232,geoportal360.pl
411233,hayom.org.il
411234,rongma.net
411235,parts.com
411236,jcsocialmarketing.com
411237,motorship.com
411238,gotanews.tv
411239,encodeproject.org
411240,religion.info
411241,ntcoupons.com
411242,caitlinlangelier.com
411243,starautoserv.com
411244,nominapro.mx
411245,clivebarker.info
411246,noscars.co.in
411247,synchronkartei.de
411248,ourail.com
411249,sinsago.co.kr
411250,simple-icons.com
411251,lionastro.hu
411252,planetarion.com
411253,ldostolwijk.nl
411254,cursojardinvertical.online
411255,gzdysx.com
411256,hindipornvideos.org
411257,eurosif.org
411258,christianlouboutin-pas-cher.fr
411259,columbiaindiahospitals.com
411260,4heronline.net
411261,gaygaytube.com
411262,appcoins.io
411263,envie.org
411264,pink.cat
411265,broekhuis.nl
411266,bpmtechguru.in
411267,myphotos.cc
411268,phpjs.org
411269,skypush.co.kr
411270,ice-maiden.net
411271,grzyby.pl
411272,wufengguan.org
411273,welcometothetable.coop
411274,gjamesco.com
411275,blogsecond.com
411276,apotekasrbotrade.rs
411277,realkana.com
411278,social-ecology.org
411279,generali-life.com.vn
411280,visionsolutions.com
411281,shauryatimes.com
411282,larrivee.com
411283,ubestari2002.com
411284,onegreenworld.com
411285,newmilfordspectrum.com
411286,preservenet.com
411287,galaxyweblinks.com
411288,stephengeorge.co.uk
411289,surilegeet.com
411290,swiftpublisher.com
411291,boxshoper.com
411292,agt77.com
411293,buymeacoff.ee
411294,monasbty.com
411295,quocirca.com
411296,guangsuss.com
411297,cutegirl.jp
411298,free4kporno.com
411299,bosbank.pl
411300,mabik.ru
411301,skaip.org
411302,annapolisyc.com
411303,cadex.biz
411304,syltshuttle.de
411305,pak.com.cn
411306,gartic.com.br
411307,astragon.de
411308,onthegas.org
411309,verkeerenwaterstaat.nl
411310,oldweather.org
411311,webook88.com
411312,comreg.ie
411313,engince.com.tr
411314,dailybrandstory.com
411315,onlinerealtopmoneygame.xyz
411316,idpropanel.com
411317,viralpages.biz
411318,starjv.com
411319,welikebet.com
411320,comfyrs.com
411321,hangapp.in
411322,lessor.com
411323,rotiform.com
411324,dankash.com
411325,turismoderonda.es
411326,fsv-frankfurt.de
411327,mednat.org
411328,revistalatinacs.org
411329,oceanreefresorts.com
411330,imap.org
411331,medier24.no
411332,cialisredp.com
411333,bearizona.com
411334,fitinpart.sg
411335,an-ma.com
411336,vizworld.com
411337,smackdeal.com
411338,sevenfigurepublishing.com
411339,renatoalves.com.br
411340,a-elite.ru
411341,varunmultimedia.pw
411342,adsbox.io
411343,creatura.co
411344,lagschools.ng
411345,pszabo.hu
411346,dj-serg.ru
411347,animeuknews.net
411348,essayservicesreviewsclub.com
411349,odvetnik-rizman.si
411350,porncamsites.com
411351,hostingphpbb.com
411352,srimmigrationconsultants.com
411353,kurio.id
411354,desknets.com
411355,paydayloans2017.com
411356,abacusnext.com
411357,thehospitalclub.com
411358,screenthought.com
411359,yoshimura-jp.com
411360,verifiedspace.com
411361,iasa-web.org
411362,orenjifinance.com
411363,smartcarenet.com
411364,snte.org.mx
411365,tohatsu.com
411366,pafs.info
411367,ibeifeng.com
411368,recordnations.com
411369,adalovelaceinstitute.org
411370,huaweidrivers.com
411371,elpublicista.es
411372,appthority.com
411373,coltsnflofficialauthentic.com
411374,reclamador.es
411375,barakasamsara.com
411376,1qwabcdefg.us
411377,processmap.com
411378,volunteeringsolutions.com
411379,for-ua.info
411380,wikiprofile.org
411381,reddress2016.com
411382,orartswatch.org
411383,tzcsks.com
411384,newstore.com
411385,yonanas.com
411386,regenwald-schuetzen.org
411387,tekpb.com
411388,graafschapcollege.nl
411389,projectinternet.com
411390,williamscarledbear.com
411391,vester.su
411392,knowyourphrase.com
411393,collegeimmobilier.com
411394,ltdfx.com
411395,gooddvd.net
411396,ureport.in
411397,israface.com
411398,espwaterproducts.com
411399,ottlite.com
411400,wildthumbs.com
411401,ss13.co
411402,throwedrolls.com
411403,dgrshb.com
411404,soundmaximum.com
411405,mottilaw.com
411406,h-connect88.com
411407,bananarepublic-france.fr
411408,taiwannutrition.com
411409,spotwalla.com
411410,callloop.com
411411,slink.space
