1,answers.com
1,https://meduza.io/
1,cosmopolitan.com
0,https://otakustream.tv/
0,bedbathandbeyond.com
1,digitalspy.com
0,ouest-france.fr
1,https://topwar.ru/
1,techrepublic.com
0,https://ap2tg.com/
1,iheart.com/podcast/
1,stern.de
0,firstpost.com
1,money.pl
0,jawapos.com
1,caranddriver.com
0,http://126.com/
1,https://rueconomics.ru/
1,https://vuejs.org/
1,cifraclub.com.br
1,zdnet.com
0,https://en.pons.com/translate
1,origin.com/gbr/en-us/
1,masrawy.com
1,https://musescore.com/
1,interfax.ru
2,https://sg.carousell.com/
0,2dehands.be
1,https://uznayvse.ru/
1,lesnumeriques.com