1,youtube.com
2,twitter.com
3,https://ok.ru/
4,flipkart.com
5,cnet.com
6,bukalapak.com
7,rambler.ru
8,weather.com/en-GB/
9,bukalapak.com
10,youporn.com
11,tripadvisor.com
11,theatlantic.com/world/
11,cbsnews.com/
11,olx.in/
11,myfreecams.com/
11,okcupid.com/
11,https://freebitco.in/
11,wiocha.pl
11,strava.com
21,myntra.com
11,https://slate.com/
11,cbs.com
11,https://uk.zaful.com/
11,gmx.com
11,tripadvisor.co.uk
11,olx.co.id
11,mail.com/int/
11,ilfattoquotidiano.it
19,https://dantri.com.vn/
21,fnac.com
21,businessweekly.com.tw
11,olx.com.pk
11,unrealengine.com
11,boursorama.com
11,esquire.com
19,https://tukif.com/
11,marktplaats.nl
11,https://cricketaddictor.com/
11,answers.com