1,google.com
2,facebook.com
3,youtube.com
4,microsoft.com
5,twitter.com
6,tmall.com
7,instagram.com
8,windowsupdate.com
9,netflix.com
10,linkedin.com
11,qq.com
12,baidu.com
13,wikipedia.org
14,apple.com
15,live.com
16,sohu.com
17,amazon.com
18,yahoo.com
19,doubleclick.net
20,googletagmanager.com
21,taobao.com
22,adobe.com
23,pinterest.com
24,youtu.be
25,360.cn
26,vimeo.com
27,reddit.com
28,jd.com
29,blogspot.com
30,wordpress.com
31,weibo.com
32,bing.com
33,office.com
34,sina.com.cn
35,goo.gl
36,github.com
37,googleusercontent.com
38,zoom.us
39,bit.ly
40,amazonaws.com
41,wordpress.org
42,vk.com
43,fbcdn.net
44,tumblr.com
45,xinhuanet.com
46,godaddy.com
47,microsoftonline.com
48,mozilla.org
49,msn.com
50,google-analytics.com
51,skype.com
52,nytimes.com
53,flickr.com
54,whatsapp.com
55,ytimg.com
56,dropbox.com
57,okezone.com
58,gravatar.com
59,soundcloud.com
60,europa.eu
61,myshopify.com
62,cnn.com
63,nih.gov
64,apache.org
65,alipay.com
66,t.co
67,twitch.tv
68,csdn.net
69,yahoo.co.jp
70,macromedia.com
71,w3.org
72,office365.com
73,googlevideo.com
74,medium.com
75,theguardian.com
76,forbes.com
77,sourceforge.net
78,bbc.co.uk
79,google.com.hk
80,spotify.com
81,paypal.com
82,imdb.com
83,bongacams.com
84,stackoverflow.com
85,panda.tv
86,googleadservices.com
87,zhanqi.tv
88,aliexpress.com
89,ebay.com
90,naver.com
91,bbc.com
92,archive.org
93,googlesyndication.com
94,cloudflare.com
95,github.io
96,weebly.com
97,yandex.ru
98,amazon.in
99,creativecommons.org
100,who.int
101,wixsite.com
102,issuu.com
103,china.com.cn
104,digicert.com
105,google.co.in
106,washingtonpost.com
107,windows.net
108,amazon.co.jp
109,imgur.com
110,ggpht.com
111,tianya.cn
112,oracle.com
113,php.net
114,reuters.com
115,wix.com
116,gvt2.com
117,etsy.com
118,virginmedia.com
119,slideshare.net
120,chaturbate.com
121,tribunnews.com
122,cdc.gov
123,amazon.co.uk
124,wsj.com
125,tinyurl.com
126,app-measurement.com
127,wikimedia.org
128,pornhub.com
129,livejasmin.com
130,mail.ru
131,icloud.com
132,akadns.net
133,akamaiedge.net
134,huanqiu.com
135,bloomberg.com
136,google.de
137,wp.com
138,businessinsider.com
139,cnet.com
140,opera.com
141,yy.com
142,1688.com
143,gnu.org
144,harvard.edu
145,google.cn
146,youtube-nocookie.com
147,booking.com
148,sciencedirect.com
149,aparat.com
150,mit.edu
151,google.co.jp
152,sogou.com
153,163.com
154,alibaba.com
155,outlook.com
156,gvt1.com
157,ibm.com
158,dailymail.co.uk
159,google.com.br
160,samsung.com
161,ok.ru
162,so.com
163,go.com
164,stanford.edu
165,17ok.com
166,facebook.net
167,amazon.de
168,blogger.com
169,google.co.uk
170,telegraph.co.uk
171,aol.com
172,hp.com
173,list-manage.com
174,bitly.com
175,babytree.com
176,researchgate.net
177,forms.gle
178,wiley.com
179,usatoday.com
180,msedge.net
181,rakuten.co.jp
182,cnbc.com
183,fandom.com
184,fb.com
185,surveymonkey.com
186,nginx.org
187,walmart.com
188,huffingtonpost.com
189,jrj.com.cn
190,cpanel.net
191,freepik.com
192,windows.com
193,eventbrite.com
194,mama.cn
195,nasa.gov
196,indiatimes.com
197,haosou.com
198,dailymotion.com
199,ntp.org
200,myspace.com
201,behance.net
202,addthis.com
203,nature.com
204,time.com
205,cloudfront.net
206,apple-dns.net
207,youku.com
208,canva.com
209,yelp.com
210,npr.org
211,indeed.com
212,roblox.com
213,un.org
214,xvideos.com
215,google.es
216,t.me
217,chase.com
218,google.fr
219,ca.gov
220,espn.com
221,akamaized.net
222,udemy.com
223,foxnews.com
224,springer.com
225,www.gov.uk
226,cpanel.com
227,mysql.com
228,ted.com
229,flipkart.com
230,wendyssubway.com
231,wired.com
232,trello.com
233,office.net
234,kompas.com
235,akamai.net
236,aaplimg.com
237,scorecardresearch.com
238,hicloud.com
239,sindonews.com
240,grid.id
241,nginx.com
242,hugedomains.com
243,nflxso.net
244,salesforce.com
245,zillow.com
246,pixnet.net
247,google.it
248,opendns.com
249,adnxs.com
250,aliyun.com
251,scribd.com
252,ettoday.net
253,google.ru
254,debian.org
255,googletagservices.com
256,independent.co.uk
257,bilibili.com
258,doi.org
259,goodreads.com
260,hao123.com
261,soso.com
262,tripadvisor.com
263,intel.com
264,free.fr
265,android.com
266,gmail.com
267,sharepoint.com
268,themeforest.net
269,wikihow.com
270,zendesk.com
271,techcrunch.com
272,beian.gov.cn
273,detik.com
274,mailchimp.com
275,amazon-adsystem.com
276,crashlytics.com
277,squarespace.com
278,berkeley.edu
279,force.com
280,stackexchange.com
281,addtoany.com
282,cnblogs.com
283,livejournal.com
284,latimes.com
285,wetransfer.com
286,xhamster.com
287,msftncsi.com
288,google.ca
289,craigslist.org
290,unsplash.com
291,adsrvr.org
292,statcounter.com
293,line.me
294,taboola.com
295,ikea.com
296,mediafire.com
297,weather.com
298,google.com.sg
299,speedtest.net
300,kickstarter.com
301,daum.net
302,shutterstock.com
303,healthline.com
304,gome.com.cn
305,twimg.com
306,webmd.com
307,okta.com
308,youm7.com
309,cisco.com
310,tradingview.com
311,amzn.to
312,digg.com
313,quora.com
314,jimdo.com
315,deviantart.com
316,nationalgeographic.com
317,theverge.com
318,akamaihd.net
319,google.com.tw
320,ietf.org
321,rubiconproject.com
322,ft.com
323,duckduckgo.com
324,marketwatch.com
325,sitemaps.org
326,globo.com
327,tiktok.com
328,6.cn
329,onlinesbi.com
330,about.com
331,cornell.edu
332,loc.gov
333,grammarly.com
334,washington.edu
335,dell.com
336,theatlantic.com
337,thestartmagazine.com
338,pixabay.com
339,buzzfeed.com
340,w3schools.com
341,uol.com.br
342,2mdn.net
343,google.com.vn
344,criteo.com
345,worldometers.info
346,appsflyer.com
347,arnebrachhold.de
348,cbsnews.com
349,akismet.com
350,webex.com
351,stumbleupon.com
352,pubmatic.com
353,giphy.com
354,amazon.ca
355,shopify.com
356,marriott.com
357,discord.com
358,symantec.com
359,zhihu.com
360,liputan6.com
361,savefrom.net
362,launchpad.net
363,coursera.org
364,demdex.net
365,whatsapp.net
366,disqus.com
367,wa.me
368,telegram.org
369,eastday.com
370,ups.com
371,hola.org
372,typepad.com
373,cambridge.org
374,slack.com
375,tandfonline.com
376,tokopedia.com
377,academia.edu
378,ampproject.org
379,webs.com
380,digikala.com
381,rednet.cn
382,princeton.edu
383,wellsfargo.com
384,avito.ru
385,azureedge.net
386,steampowered.com
387,tiktokcdn.com
388,feedburner.com
389,bestbuy.com
390,economist.com
391,google.com.mx
392,huffpost.com
393,primevideo.com
394,airbnb.com
395,mashable.com
396,usnews.com
397,advertising.com
398,steamcommunity.com
399,usps.com
400,tiktokv.com
401,prnewswire.com
402,fda.gov
403,box.com
404,instructure.com
405,msftconnecttest.com
406,moatads.com
407,cnzz.com
408,sciencemag.org
409,nbcnews.com
410,change.org
411,bandcamp.com
412,iqiyi.com
413,homedepot.com
414,google.com.tr
415,casalemedia.com
416,pinimg.com
417,evernote.com
418,mailchi.mp
419,investing.com
420,avast.com
421,noaa.gov
422,youronlinechoices.com
423,alicdn.com
424,pbs.org
425,pki.goog
426,fc2.com
427,jquery.com
428,whitehouse.gov
429,teamviewer.com
430,columbia.edu
431,hubspot.com
432,mercadolivre.com.br
433,usda.gov
434,engadget.com
435,constantcontact.com
436,arcgis.com
437,umich.edu
438,eepurl.com
439,investopedia.com
440,target.com
441,51.la
442,mozilla.com
443,hulu.com
444,rlcdn.com
445,oup.com
446,ebay.co.uk
447,tripod.com
448,openx.net
449,www.gov.cn
450,nypost.com
451,state.gov
452,accuweather.com
453,unesco.org
454,vice.com
455,geocities.com
456,yale.edu
457,rt.com
458,outbrain.com
459,plesk.com
460,zdnet.com
461,guardian.co.uk
462,ebay.de
463,fedex.com
464,bet9ja.com
465,aboutads.info
466,sun.com
467,amazon.fr
468,irs.gov
469,abc.net.au
470,psu.edu
471,bidswitch.net
472,sagepub.com
473,gofundme.com
474,ilovepdf.com
475,cbc.ca
476,lazada.sg
477,patreon.com
478,statista.com
479,edgekey.net
480,upenn.edu
481,hbr.org
482,epa.gov
483,meetup.com
484,nike.com
485,mayoclinic.org
486,photobucket.com
487,allaboutcookies.org
488,sciencedaily.com
489,huawei.com
490,iqoption.com
491,tistory.com
492,vox.com
493,redhat.com
494,google.co.th
495,dribbble.com
496,wayfair.com
497,everesttech.net
498,setn.com
499,chinadaily.com.cn
500,zoho.com
501,nflximg.com
502,patch.com
503,gotowebinar.com
504,networkadvertising.org
505,getpocket.com
506,aliexpress.ru
507,redd.it
508,example.com
509,fiverr.com
510,gizmodo.com
511,britannica.com
512,google.com.sa
513,breitbart.com
514,newyorker.com
515,mathtag.com
516,businesswire.com
517,worldbank.org
518,vkontakte.ru
519,elsevier.com
520,nvidia.com
521,iso.org
522,business.site
523,hootsuite.com
524,google.com.eg
525,amazon.es
526,psychologytoday.com
527,google.com.ar
528,ask.com
529,xnxx.com
530,smallpdf.com
531,bukalapak.com
532,fastcompany.com
533,bluekai.com
534,fortune.com
535,pexels.com
536,oreilly.com
537,ieee.org
538,google.pl
539,varzesh3.com
540,google.co.id
541,letsencrypt.org
542,namnak.com
543,amazon.it
544,ox.ac.uk
545,inc.com
546,momoshop.com.tw
547,zaloapp.com
548,google.com.au
549,wikia.com
550,umn.edu
551,yimg.com
552,dw.com
553,quantserve.com
554,cdninstagram.com
555,jhu.edu
556,live.net
557,wisc.edu
558,talktalk.co.uk
559,hdfcbank.com
560,360.com
561,us.com
562,albawabhnews.com
563,suara.com
564,plos.org
565,uci.edu
566,typeform.com
567,chicagotribune.com
568,entrepreneur.com
569,agkn.com
570,ucla.edu
571,gmw.cn
572,51sole.com
573,messenger.com
574,att.com
575,eikegolehem.com
576,scientificamerican.com
577,zol.com.cn
578,intuit.com
579,merriam-webster.com
580,amazon.cn
581,metropoles.com
582,snapchat.com
583,comodoca.com
584,krxd.net
585,wpengine.com
586,utexas.edu
587,sfgate.com
588,capitalone.com
589,theconversation.com
590,over-blog.com
591,uk.com
592,ladbible.com
593,ndtv.com
594,wiktionary.org
595,alwafd.news
596,slate.com
597,ameblo.jp
598,ed.gov
599,cmu.edu
600,elegantthemes.com
601,cam.ac.uk
602,deloitte.com
603,newsweek.com
604,spiegel.de
605,elpais.com
606,softonic.com
607,python.org
608,criteo.net
609,ltn.com.tw
610,arxiv.org
611,adform.net
612,chouftv.ma
613,uchicago.edu
614,ubuntu.com
615,nist.gov
616,y2mate.com
617,shaparak.ir
618,bmj.com
619,hotjar.com
620,bootstrapcdn.com
621,playstation.com
622,xfinity.com
623,discordapp.com
624,gamepedia.com
625,adsafeprotected.com
626,nps.gov
627,indiegogo.com
628,tapad.com
629,hilton.com
630,turn.com
631,uiuc.edu
632,qualtrics.com
633,norton.com
634,oecd.org
635,canada.ca
636,lenovo.com
637,fbsbx.com
638,bbb.org
639,glassdoor.com
640,asos.com
641,azure.com
642,douban.com
643,jianshu.com
644,newrelic.com
645,trustpilot.com
646,altervista.org
647,mirror.co.uk
648,howstuffworks.com
649,verisign.com
650,arstechnica.com
651,bankofamerica.com
652,timeanddate.com
653,qz.com
654,feedly.com
655,rambler.ru
656,realtor.com
657,aboutcookies.org
658,center4family.com
659,thesun.co.uk
660,hotstar.com
661,byteoversea.com
662,zerodha.com
663,cbslocal.com
664,asus.com
665,khanacademy.org
666,kumparan.com
667,parallels.com
668,op.gg
669,fb.me
670,ny.gov
671,weforum.org
672,medicalnewstoday.com
673,fidelity.com
674,mlb.com
675,epicgames.com
676,purdue.edu
677,biomedcentral.com
678,a1sewcraft.com
679,mgid.com
680,unity3d.com
681,chron.com
682,nicovideo.jp
683,sberbank.ru
684,oliveogrill.com
685,heavy.com
686,digitaltrends.com
687,bizjournals.com
688,sfx.ms
689,crwdcntrl.net
690,mercadolibre.com.ar
691,icicibank.com
692,blogspot.co.uk
693,politico.com
694,toutiao.com
695,ftc.gov
696,merdeka.com
697,si.edu
698,isnssdk.com
699,pcmag.com
700,kakao.com
701,dropcatch.com
702,zend.com
703,apa.org
704,netscape.com
705,emofid.com
706,nyu.edu
707,sectigo.com
708,idntimes.com
709,techradar.com
710,orange.fr
711,cctv.com
712,chess.com
713,nydailynews.com
714,fao.org
715,fastly.net
716,icio.us
717,dedecms.com
718,ow.ly
719,sahibinden.com
720,smh.com.au
721,news.com.au
722,autodesk.com
723,gosuslugi.ru
724,nba.com
725,deepl.com
726,bet365.com
727,visualstudio.com
728,spotxchange.com
729,ign.com
730,usc.edu
731,dictionary.com
732,sakura.ne.jp
733,ning.com
734,zalo.me
735,barnesandnoble.com
736,nikkei.com
737,jiameng.com
738,bitnami.com
739,patria.org.ve
740,cnnic.cn
741,chesscoachcentral.com
742,house.gov
743,foursquare.com
744,tudou.com
745,tencent.com
746,moneycontrol.com
747,duke.edu
748,fontawesome.com
749,metropolitanbaptistchurch.org
750,mercadolibre.com.mx
751,joomla.org
752,googleblog.com
753,appcenter.ms
754,3lift.com
755,thepiratebay.org
756,pnas.org
757,openstreetmap.org
758,livescience.com
759,appspot.com
760,lifehacker.com
761,reverso.net
762,xing.com
763,atlassian.com
764,vmware.com
765,umeng.com
766,venturebeat.com
767,verizon.com
768,genius.com
769,brilio.net
770,instructables.com
771,chinanews.com
772,wellnowuc.com
773,mookie1.com
774,allegro.pl
775,zadn.vn
776,americanexpress.com
777,census.gov
778,gstatic.com
779,istockphoto.com
780,urbandictionary.com
781,umd.edu
782,variety.com
783,ufl.edu
784,imageshack.us
785,themeisle.com
786,panamacityjuniors.com
787,hespress.com
788,usgs.gov
789,trafficmanager.net
790,telegram.me
791,adp.com
792,enable-javascript.com
793,acs.org
794,secureserver.net
795,aljazeera.com
796,ea.com
797,earthlink.net
798,teads.tv
799,msu.edu
800,uber.com
801,apnews.com
802,padlet.com
803,aliyuncs.com
804,angelfire.com
805,prezi.com
806,lijit.com
807,adjust.com
808,thehill.com
809,afternic.com
810,express.co.uk
811,vnexpress.net
812,geeksforgeeks.org
813,ucsd.edu
814,thefreedictionary.com
815,abs-cbn.com
816,google.gr
817,tsetmc.com
818,youdao.com
819,81.cn
820,rollingstone.com
821,doubleverify.com
822,senate.gov
823,mckinsey.com
824,google.co.kr
825,jstor.org
826,about.me
827,bitbucket.org
828,exelator.com
829,alexa.com
830,postgresql.org
831,mi.com
832,thesaurus.com
833,ria.ru
834,creativecdn.com
835,pewresearch.org
836,media.net
837,thedailybeast.com
838,jsdelivr.net
839,hurriyet.com.tr
840,get-express-vpn.com
841,costco.com
842,crunchyroll.com
843,pharmacy-canadian-order.com
844,northwestern.edu
845,unc.edu
846,sky.com
847,ebay-kleinanzeigen.de
848,thelancet.com
849,namu.wiki
850,google.com.ua
851,mixpanel.com
852,duolingo.com
853,theglobeandmail.com
854,hm.com
855,inquirer.net
856,wildberries.ru
857,kaspersky.com
858,thetimes.co.uk
859,playinguphockey.com
860,gitlab.com
861,rozariatrust.net
862,adsymptotic.com
863,goo.ne.jp
864,gismeteo.ru
865,scmp.com
866,slashdot.org
867,jiathis.com
868,gartner.com
869,proofpoint.com
870,java.com
871,jotform.com
872,9gag.com
873,herokuapp.com
874,ezaztucson.com
875,branch.io
876,smartadserver.com
877,leboncoin.fr
878,apachefriends.org
879,g.page
880,illinois.edu
881,marca.com
882,xiaomi.com
883,lowes.com
884,redbubble.com
885,focus.cn
886,hatena.ne.jp
887,ssl-images-amazon.com
888,agah.com
889,wattpad.com
890,arizona.edu
891,e2ro.com
892,withgoogle.com
893,discord.gg
894,citi.com
895,siemens.com
896,bls.gov
897,xe.com
898,sonhoo.com
899,wufoo.com
900,gamespot.com
901,utoronto.ca
902,newscientist.com
903,mofidonline.com
904,today.com
905,hollywoodreporter.com
906,itu.int
907,manoramaonline.com
908,ebay.com.au
909,sec.gov
910,hhs.gov
911,dotomi.com
912,nhk.or.jp
913,jamanetwork.com
914,stripe.com
915,zippyshare.com
916,getbootstrap.com
917,wp.me
918,hatenablog.com
919,lemonde.fr
920,w.org
921,livestream.com
922,oppomobile.com
923,fast.com
924,w55c.net
925,scoverage.org
926,washingtonsharedparenting.com
927,people.com
928,xbox.com
929,openssl.org
930,boston.com
931,mapquest.com
932,trendyol.com
933,mitre.org
934,privacyshield.gov
935,wunderground.com
936,namecheap.com
937,yts.mx
938,drupal.org
939,mixcloud.com
940,miit.gov.cn
941,ustream.tv
942,asu.edu
943,linktr.ee
944,nejm.org
945,fool.com
946,mzstatic.com
947,onenote.net
948,hindustantimes.com
949,zing.vn
950,docker.com
951,hexun.com
952,globalsign.com
953,amap.com
954,automattic.com
955,zemanta.com
956,freebsd.org
957,indiamart.com
958,filimo.com
959,in.gr
960,shopee.co.id
961,haofang.net
962,1rx.io
963,utorrent.com
964,51yes.com
965,td.com
966,omtrdc.net
967,divar.ir
968,m.me
969,gmx.net
970,gdanstum.net
971,frankfortamerican.com
972,uspto.gov
973,naver.jp
974,googleapis.com
975,eff.org
976,jpnn.com
977,dmoz.org
978,imrworldwide.com
979,newegg.com
980,edgesuite.net
981,technologyreview.com
982,ouedkniss.com
983,blackboard.com
984,metro.co.uk
985,techtarget.com
986,efu.com.cn
987,wa.gov
988,sony.com
989,indianexpress.com
990,www.nhs.uk
991,infobae.com
992,icann.org
993,zdn.vn
994,ensonhaber.com
995,kernel.org
996,trendingnow.video
997,gsmarena.com
998,elbalad.news
999,linksynergy.com
1000,google.nl