https://mirsegondya.com/;4956;ns --> <script src=\"https://cdn.contentsitesrv.com/js/push/subscribe.js?v=1.3.0\"></script> 
https://filmix.cc/;24424;> <!-- <script src=\"https://cdn.contentsitesrv.com/js/push/subscribe.js?v=1.3.0\"></script> 
https://newsrank.ru/;35439;ns --> <script src=\"https://cdn.contentsitesrv.com/js/push/subscribe.js?v=1.3.0\"></script> 
https://24molnia.com/;35639;om\" /> <script src=\"https://cdn.contentsitesrv.com/js/push/subscribe.js?v=1.3.0\"></script> 
https://smo333.com/;38499;=\"\" /> <script src=\"https://cdn.contentsitesrv.com/js/push/subscribe.js?v=1.3.0\"></script> 
https://4eva.ru/;44656;ns --> <script src=\"https://cdn.contentsitesrv.com/js/push/subscribe.js?v=1.3.0\"></script> 
https://alldz.net/;53893;Ð¿ --> <script src=\"https://cdn.contentsitesrv.com/js/push/subscribe.js?v=1.3.0\"></script> 
http://branto.ru/;69799;cript> <script src=\"https://cdn.contentsitesrv.com/js/push/subscribe.js?v=1.3.0\"></script> 
http://sociumin.com/;161217;script><script src=\"https://cdn.contentsitesrv.com/js/push/subscribe.js?v=1.3.0\" async></sc
https://www.tvshow.in.ua/;193078;if]--> <script src=\"https://cdn.contentsitesrv.com/js/push/subscribe.js?v=1.3.0\"></script> 
http://womanlifeclub.ru/;351598;er --> <script src=\"https://cdn.contentsitesrv.com/js/push/subscribe.js?v=1.3.0\"></script> 
http://v3.kz/;355635;cript> <script src=\"https://cdn.contentsitesrv.com/js/push/subscribe.js?v=1.3.0\"></script> 
https://spravochnik109.link/;728918;ss\" /> <script src=\"https://cdn.contentsitesrv.com/js/push/subscribe.js?v=1.3.0\"></script> 
http://z3.kz/;780743;cript> <script src=\"https://cdn.contentsitesrv.com/js/push/subscribe.js?v=1.3.0\"></script> 
http://yootoo.kz/;787414;cript> <script src=\"https://cdn.contentsitesrv.com/js/push/subscribe.js?v=1.3.0\"></script> 
http://xx3.kz/;1051244;cript> <script src=\"https://cdn.contentsitesrv.com/js/push/subscribe.js?v=1.3.0\"></script> 
http://c3.kz/;1707843;cript> <script src=\"https://cdn.contentsitesrv.com/js/push/subscribe.js?v=1.3.0\"></script> 
http://u3.kz/;1859973;cript> <script src=\"https://cdn.contentsitesrv.com/js/push/subscribe.js?v=1.3.0\"></script> 
http://s3.kz/;1935048;cript> <script src=\"https://cdn.contentsitesrv.com/js/push/subscribe.js?v=1.3.0\"></script> 
http://r3.kz/;2315006;cript> <script src=\"https://cdn.contentsitesrv.com/js/push/subscribe.js?v=1.3.0\"></script> 
